Date,Minimum Temp (C),Mean Temperature (C),Maximum Temp (C),Rain (mm),Relative Humidity %, CloudCover, Mean Wind SpeedKm/h
2014-1-1,17,23,30,0,76,3,8
2014-1-2,15,19,23,5.08,75,2,11
2014-1-3,13,20,26,0,61,2,6
2014-1-4,13,22,31,0,51,,11
2014-1-5,14,23,33,0,45,,13
2014-1-6,15,24,34,0,63,2,14
2014-1-7,21,28,36,1.02,54,1,10
2014-1-8,17,24,32,0,41,2,11
2014-1-9,19,27,36,0,49,1,19
2014-1-10,19,24,29,0,67,3,16
2014-1-11,16,24,29,0,46,5,18
2014-1-12,9,19,28,0,58,1,11
2014-1-13,12,21,31,0,52,,16
2014-1-14,17,26,33,0,53,1,13
2014-1-15,18,27,36,0,48,1,13
2014-1-16,17,27,37,0,48,2,11
2014-1-17,19,28,37,0,48,2,14
2014-1-18,22,29,37,14.99,59,2,14
2014-1-19,19,24,29,0,73,3,11
2014-1-20,19,27,35,0,59,2,14
2014-1-21,21,27,32,0,61,2,14
2014-1-22,22,30,38,0,60,1,13
2014-1-23,22,31,39,24.89,57,1,16
2014-1-24,12,16,19,7.11,57,4,24
2014-1-25,12,17,21,0,62,2,10
2014-1-26,11,19,28,0,60,1,13
2014-1-27,17,22,27,0,77,4,13
2014-1-28,19,24,29,0,68,2,10
2014-1-29,17,23,29,0,74,4,10
2014-1-30,14,23,33,0,64,1,10
2014-1-31,17,27,36,0,61,1,10
2014-2-1,18,26,33,0,72,1,8
2014-2-2,20,22,24,20.07,91,4,8
2014-2-3,18,22,25,5.08,90,3,10
2014-2-4,18,23,28,0.76,92,3,10
2014-2-5,20,27,33,132.08,84,3,16
2014-2-6,16,20,24,0,73,4,21
2014-2-7,17,24,31,0,83,4,8
2014-2-8,20,27,34,0,69,1,10
2014-2-9,20,22,25,0,69,4,13
2014-2-10,19,23,27,0,88,3,6
2014-2-11,20,24,28,0,80,4,10
2014-2-12,20,24,29,0,78,4,8
2014-2-13,18,22,27,3.05,83,4,8
2014-2-14,17,19,22,3.05,92,6,14
2014-2-15,13,18,23,0.76,78,6,10
2014-2-16,16,20,23,7.11,90,6,6
2014-2-17,17,20,22,16,95,6,6
2014-2-18,16,21,26,0,86,4,8
2014-2-19,14,21,29,0,86,3,6
2014-2-20,15,22,29,0,81,3,8
2014-2-21,17,18,20,4.06,90,4,11
2014-2-22,16,20,25,0.76,87,4,6
2014-2-23,14,21,27,0,78,2,6
2014-2-24,16,20,24,30.99,89,3,10
2014-2-25,12,13,14,17.02,93,6,19
2014-2-26,11,16,19,0.25,78,6,8
2014-2-27,13,18,24,0,77,4,5
2014-2-28,12,18,25,0,78,3,16
2014-3-1,12,18,23,2.03,77,4,11
2014-3-2,15,18,21,10.92,89,6,10
2014-3-3,11,17,22,0,81,4,6
2014-3-4,12,18,24,0,86,2,3
2014-3-5,10,20,29,0,76,3,5
2014-3-6,12,15,18,21.08,94,3,13
2014-3-7,9,17,25,0,78,1,10
2014-3-8,12,19,27,0,78,1,14
2014-3-9,11,19,26,7.11,85,3,18
2014-3-10,9,17,23,0,75,1,10
2014-3-11,7,17,26,0,74,1,11
2014-3-12,12,19,26,0,73,2,16
2014-3-13,17,22,28,4.06,74,3,18
2014-3-14,14,19,24,10.92,89,3,10
2014-3-15,10,18,25,0,68,1,11
2014-3-16,11,21,30,0,74,2,18
2014-3-17,15,19,23,0,62,5,11
2014-3-18,11,12,13,2.03,80,6,13
2014-3-19,9,14,20,0.51,83,5,5
2014-3-20,6,16,26,0,79,1,10
2014-3-21,9,16,21,0,59,2,16
2014-3-22,4,13,23,0,70,,11
2014-3-23,6,17,27,0,68,,13
2014-3-24,7,17,27,0,74,1,8
2014-3-25,10,18,26,0,76,3,5
2014-3-26,9,17,25,0,74,4,8
2014-3-27,12,17,23,0,88,4,8
2014-3-28,15,22,29,0,85,2,11
2014-3-29,16,22,29,0,76,3,14
2014-3-30,13,20,27,0,79,4,8
2014-3-31,10,17,24,0,66,4,10
2014-4-1,16,18,21,3.05,89,6,5
2014-4-2,16,18,20,2.03,96,6,6
2014-4-3,18,21,24,0,93,6,11
2014-4-4,18,23,27,0,91,5,8
2014-4-5,19,26,32,24.89,85,3,11
2014-4-6,19,19,20,10.92,99,3,8
2014-4-7,16,19,22,1.02,96,4,6
2014-4-8,12,19,26,0,53,3,8
2014-4-9,11,17,24,0,55,4,11
2014-4-10,13,17,20,0,70,4,8
2014-4-11,10,17,23,0,74,4,8
2014-4-12,8,13,19,0,54,2,16
2014-4-13,0,9,17,0,48,,13
2014-4-14,5,14,24,0,63,7,11
2014-4-15,4,16,27,0,62,,10
2014-4-16,8,18,27,0,61,1,11
2014-4-17,11,16,20,0,60,5,11
2014-4-18,7,15,23,0,62,5,8
2014-4-19,9,17,25,0,66,2,6
2014-4-20,11,18,25,0,71,4,11
2014-4-21,12,18,23,5.08,90,5,11
2014-4-22,9,16,23,0,81,3,10
2014-4-23,11,18,26,0,74,2,13
2014-4-24,15,19,24,0,70,5,11
2014-4-25,13,18,23,0,61,6,16
2014-4-26,11,16,22,0,63,1,16
2014-4-27,11,17,22,0,73,3,11
2014-4-28,13,14,17,0,87,5,5
2014-4-29,12,16,19,3.05,90,6,5
2014-4-30,12,14,17,3.05,92,5,6
2014-5-1,5,12,19,0,87,4,6
2014-5-2,6,14,23,1.02,89,4,8
2014-5-3,16,19,23,0.25,91,5,8
2014-5-4,14,19,24,0,86,5,6
2014-5-5,12,18,23,0,83,4,8
2014-5-6,11,16,21,0,89,6,8
2014-5-7,9,17,25,0,83,3,10
2014-5-8,13,18,22,0,84,4,6
2014-5-9,11,14,18,0,86,5,10
2014-5-10,11,12,14,6.1,89,7,10
2014-5-11,11,13,17,0,93,6,11
2014-5-12,12,17,22,0,86,5,3
2014-5-13,9,16,22,0,83,3,13
2014-5-14,8,16,23,0,89,4,10
2014-5-15,9,16,21,0,89,4,8
2014-5-16,12,19,27,0,84,4,10
2014-5-17,6,11,15,0,58,4,14
2014-5-18,6,11,17,0,56,5,10
2014-5-19,9,13,18,0.51,82,6,5
2014-5-20,11,12,13,3.05,98,7,5
2014-5-21,7,12,16,0.51,85,6,13
2014-5-22,3,7,12,0,72,3,14
2014-5-23,1,8,15,0,74,3,6
2014-5-24,-2,8,18,0,74,3,6
2014-5-25,2,12,21,0,69,,8
2014-5-26,4,12,19,0,65,,10
2014-5-27,3,12,22,0,66,,11
2014-5-28,4,13,22,0,58,,19
2014-5-29,8,16,23,0,68,,21
2014-5-30,8,13,18,0,88,5,11
2014-5-31,5,12,18,0,79,4,11
2014-6-1,2,12,21,0,70,,13
2014-6-2,4,13,22,0,65,,14
2014-6-3,7,16,23,0,60,,19
2014-6-4,4,12,20,0,66,2,18
2014-6-5,3,11,19,0,62,1,10
2014-6-6,-2,9,19,0,79,1,10
2014-6-7,-2,7,16,0,78,3,13
2014-6-8,1,10,18,0,60,,14
2014-6-9,2,11,21,0,64,,8
2014-6-10,3,11,19,0,70,6,24
2014-6-11,9,17,24,0,77,3,18
2014-6-12,6,11,17,0,77,5,11
2014-6-13,3,9,14,0,57,3,10
2014-6-14,-2,7,16,0,57,,16
2014-6-15,0,13,26,0,58,,13
2014-6-16,4,11,18,0,66,,11
2014-6-17,2,9,16,0,77,5,8
2014-6-18,3,9,15,0,76,5,6
2014-6-19,2,10,17,0,65,5,16
2014-6-20,3,11,20,0,63,1,19
2014-6-21,9,14,20,0,66,3,29
2014-6-22,9,14,19,0,81,5,8
2014-6-23,9,14,21,0,75,5,6
2014-6-24,7,13,18,0,81,5,8
2014-6-25,9,10,12,0.25,92,5,5
2014-6-26,6,9,13,0,80,3,8
2014-6-27,1,8,15,0,72,3,10
2014-6-28,1,9,17,0,69,,11
2014-6-29,-2,8,17,0,64,,11
2014-6-30,-2,9,21,0,61,,11
2014-7-1,3,11,19,0,67,3,13
2014-7-2,6,14,24,0,72,1,16
2014-7-3,5,10,16,0,47,5,18
2014-7-4,4,10,15,0,61,5,6
2014-7-5,1,8,15,0,53,5,14
2014-7-6,-2,8,17,0,46,2,11
2014-7-7,1,12,22,0,39,,13
2014-7-8,-2,9,20,0,56,,13
2014-7-9,-1,9,19,0,59,,11
2014-7-10,1,10,19,0,70,8,11
2014-7-11,5,9,13,0.76,94,7,6
2014-7-12,9,16,22,0,75,4,8
2014-7-13,6,11,17,3.05,88,5,11
2014-7-14,13,19,26,0,89,5,11
2014-7-15,4,12,19,0,55,4,23
2014-7-16,2,9,15,0,60,3,8
2014-7-17,5,12,19,0,56,4,8
2014-7-18,2,13,24,0,59,,11
2014-7-19,4,14,26,0,45,,11
2014-7-20,5,15,25,0,40,,21
2014-7-21,3,13,24,0,54,,11
2014-7-22,9,13,17,0,49,4,18
2014-7-23,2,6,11,0,38,4,19
2014-7-24,-3,6,14,0,38,,10
2014-7-25,-6,6,17,0,45,,8
2014-7-26,0,6,12,0,54,,11
2014-7-27,-2,7,17,0,62,7,11
2014-7-28,4,12,19,0,45,4,21
2014-7-29,2,13,23,0,65,6,10
2014-7-30,5,12,18,0,83,4,6
2014-7-31,11,16,21,0,92,7,10
2014-8-1,8,17,26,0,84,3,10
2014-8-2,10,18,26,0,80,4,14
2014-8-3,10,15,20,0,79,7,13
2014-8-4,6,11,17,0,42,5,18
2014-8-5,4,14,25,0,36,,24
2014-8-6,3,13,23,0,44,6,14
2014-8-7,2,10,17,0,37,,16
2014-8-8,-2,9,19,0,44,,16
2014-8-9,4,14,24,0,43,,16
2014-8-10,1,10,19,0,50,,16
2014-8-11,-2,8,17,0,61,,6
2014-8-12,-7,6,18,0,53,,10
2014-8-13,-2,10,21,0,37,,13
2014-8-14,2,11,20,0,29,,19
2014-8-15,2,12,23,0,36,,18
2014-8-16,2,13,25,0,48,,13
2014-8-17,6,17,28,0,62,,10
2014-8-18,5,19,33,0,59,,11
2014-8-19,12,21,31,0,54,,18
2014-8-20,14,23,32,0,58,2,14
2014-8-21,12,22,33,0,55,,11
2014-8-22,12,21,31,0,66,1,8
2014-8-23,9,14,19,0,80,4,10
2014-8-24,4,11,18,0,53,4,26
2014-8-25,-1,9,18,0,47,1,16
2014-8-26,-4,6,16,0,50,,8
2014-8-27,-4,7,18,0,52,,14
2014-8-28,-1,9,19,0,55,,13
2014-8-29,1,12,22,0,46,,14
2014-8-30,9,20,31,0,33,1,21
2014-8-31,7,16,25,0,48,,13
2014-9-1,8,17,26,0,54,5,18
2014-9-2,10,19,27,0,69,4,11
2014-9-3,14,19,24,2.03,71,5,6
2014-9-4,14,16,17,23.88,91,6,10
2014-9-5,14,17,21,0.25,89,6,8
2014-9-6,9,14,20,0,42,5,26
2014-9-7,9,17,24,0,42,3,21
2014-9-8,6,17,29,0,67,3,14
2014-9-9,12,16,18,0,47,4,24
2014-9-10,3,11,18,0,39,5,10
2014-9-11,3,11,18,0,49,,14
2014-9-12,4,13,23,0,51,,14
2014-9-13,4,12,21,0,54,4,11
2014-9-14,7,13,19,0,71,5,10
2014-9-15,6,14,23,0,40,,11
2014-9-16,9,17,25,0,46,,19
2014-9-17,8,17,26,0,60,6,13
2014-9-18,7,16,26,0.25,61,2,10
2014-9-19,8,17,26,1.02,61,2,13
2014-9-20,9,17,25,0,60,1,13
2014-9-21,10,19,27,0,47,,21
2014-9-22,10,19,28,0,44,2,24
2014-9-23,7,13,18,0,59,4,18
2014-9-24,3,13,23,0,53,,16
2014-9-25,5,18,30,0,36,1,23
2014-9-26,8,13,18,0,39,3,10
2014-9-27,4,13,22,0,40,3,16
2014-9-28,11,21,31,0,46,1,16
2014-9-29,10,18,27,0.76,63,4,10
2014-9-30,10,14,19,1.02,83,3,8
2014-10-1,7,16,24,0,68,2,10
2014-10-2,13,19,24,0,61,5,13
2014-10-3,12,14,17,23.88,85,6,8
2014-10-4,13,17,20,57.91,90,3,8
2014-10-5,11,18,24,0,64,2,8
2014-10-6,7,17,28,0,63,,10
2014-10-7,11,20,29,0,47,,18
2014-10-8,13,22,31,0,68,2,16
2014-10-9,15,18,20,0,64,6,19
2014-10-10,11,14,18,0,36,5,19
2014-10-11,3,12,21,0,52,3,6
2014-10-12,9,18,26,0,52,6,8
2014-10-13,8,17,26,0,55,1,13
2014-10-14,8,19,29,0,57,6,14
2014-10-15,15,23,32,0,64,4,18
2014-10-16,17,22,27,0,52,4,18
2014-10-17,12,20,28,0,57,3,10
2014-10-18,13,18,22,0,81,4,13
2014-10-19,11,18,24,0,41,5,11
2014-10-20,7,18,28,0,47,,16
2014-10-21,12,22,31,0,56,1,18
2014-10-22,14,24,33,0,41,,21
2014-10-23,13,23,34,0,42,1,14
2014-10-24,14,24,34,0,53,1,10
2014-10-25,16,24,33,0,45,3,16
2014-10-26,18,27,36,0,42,,19
2014-10-27,16,27,38,0,48,3,14
2014-10-28,16,26,35,0,52,1,14
2014-10-29,17,22,28,0,66,5,14
2014-10-30,13,20,27,0,53,3,14
2014-10-31,12,15,18,2.03,70,6,11
2014-11-1,8,11,14,8.89,93,7,14
2014-11-2,7,10,13,2.03,92,6,13
2014-11-3,9,15,20,0,74,4,11
2014-11-4,4,14,24,0,54,1,10
2014-11-5,7,17,26,0,46,,18
2014-11-6,7,19,31,0,56,1,10
2014-11-7,13,21,30,1.02,67,2,10
2014-11-8,10,21,33,0,53,1,13
2014-11-9,13,23,34,0,46,1,10
2014-11-10,12,21,29,2.03,66,2,10
2014-11-11,15,21,28,0.51,70,2,29
2014-11-12,12,18,23,0,55,2,13
2014-11-13,9,17,24,0.76,64,3,10
2014-11-14,9,20,31,0,45,,11
2014-11-15,11,22,33,0,34,1,13
2014-11-16,11,22,33,0,41,1,13
2014-11-17,16,24,33,0,35,,19
2014-11-18,16,26,35,0,34,1,19
2014-11-19,16,20,25,2.03,69,3,18
2014-11-20,14,17,20,17.02,90,4,5
2014-11-21,11,17,23,6.1,74,4,14
2014-11-22,8,18,27,0,59,1,6
2014-11-23,13,22,31,0,53,2,19
2014-11-24,15,20,25,0,54,3,18
2014-11-25,11,19,28,5.08,47,2,8
2014-11-26,15,21,28,6.1,71,4,6
2014-11-27,13,22,31,0,51,1,13
2014-11-28,15,23,31,0,46,3,18
2014-11-29,14,19,25,12.95,56,3,26
2014-11-30,9,14,20,8.89,49,6,29
2014-12-1,10,17,23,0,46,3,11
2014-12-2,6,17,27,0,49,1,6
2014-12-3,10,21,33,0,32,,11
2014-12-4,14,23,32,0,37,,19
2014-12-5,17,25,33,0,43,,21
2014-12-6,17,27,37,0,42,,19
2014-12-7,16,21,26,0,45,3,21
2014-12-8,14,22,30,0,51,2,11
2014-12-9,18,28,36,10.92,59,3,16
2014-12-10,18,23,28,0,66,5,18
2014-12-11,14,19,24,3.05,85,6,16
2014-12-12,13,21,28,0,76,3,10
2014-12-13,16,22,29,0,73,3,6
2014-12-14,16,21,26,0.51,76,5,27
2014-12-15,18,19,21,5.08,89,5,5
2014-12-16,16,19,22,5.08,91,5,6
2014-12-17,14,21,29,9.91,68,2,6
2014-12-18,15,23,31,0,57,4,14
2014-12-19,17,25,33,0,56,2,11
2014-12-20,18,22,27,0,63,4,19
2014-12-21,12,18,23,0,38,5,19
2014-12-22,6,15,24,0,39,3,10
2014-12-23,7,18,28,0,44,1,14
2014-12-24,12,21,31,0,38,1,24
2014-12-25,17,26,34,0,44,3,19
2014-12-26,18,24,32,5.08,78,2,13
2014-12-27,17,22,27,0,74,2,14
2014-12-28,16,23,31,0,76,2,10
2014-12-29,17,24,32,0,68,3,14
2014-12-30,17,23,30,1.02,68,4,14
2014-12-31,17,21,24,5.08,85,3,6
2015-1-1,14,19,23,0,59,3,16
2015-1-2,9,17,25,0,62,1,8
2015-1-3,10,20,31,0,55,,16
2015-1-4,14,24,34,0,60,2,10
2015-1-5,18,27,34,0,65,3,13
2015-1-6,20,28,36,26.92,72,3,11
2015-1-7,18,22,27,3.05,86,4,11
2015-1-8,17,22,27,0,80,4,8
2015-1-9,18,26,34,0,66,3,10
2015-1-10,18,24,32,19.05,78,2,10
2015-1-11,16,23,31,6.1,67,6,10
2015-1-12,17,24,32,22.1,73,2,11
2015-1-13,19,23,27,0,90,3,8
2015-1-14,17,24,31,0,79,2,8
2015-1-15,19,24,30,0,77,4,6
2015-1-16,18,24,31,0,72,1,10
2015-1-17,18,25,32,7.11,77,3,10
2015-1-18,18,25,32,0,71,2,11
2015-1-19,20,27,33,16,75,2,11
2015-1-20,16,18,20,8.89,91,7,16
2015-1-21,13,19,26,0,79,3,13
2015-1-22,19,23,28,0,72,3,14
2015-1-23,17,24,31,0,76,2,10
2015-1-24,19,26,32,0,76,2,10
2015-1-25,20,27,34,0,73,2,10
2015-1-26,21,27,33,0,70,2,10
2015-1-27,18,23,29,9.91,77,4,13
2015-1-28,17,23,29,0,74,2,10
2015-1-29,18,22,26,0,79,4,6
2015-1-30,13,21,28,0,75,1,11
2015-1-31,14,22,29,0,66,,14
2015-2-1,14,22,31,0,69,1,11
2015-2-2,20,23,27,4.06,85,5,8
2015-2-3,18,20,22,6.1,98,5,5
2015-2-4,18,21,25,0,94,7,5
2015-2-5,20,26,31,0,83,4,6
2015-2-6,20,26,32,0,74,3,8
2015-2-7,21,27,33,0,73,3,8
2015-2-8,16,22,26,5.08,79,2,10
2015-2-9,15,22,30,22.1,76,3,13
2015-2-10,14,20,26,23.88,87,5,11
2015-2-11,13,21,28,0,75,2,10
2015-2-12,14,22,31,0,64,1,11
2015-2-13,12,19,26,0,72,2,8
2015-2-14,15,22,29,59.94,82,3,8
2015-2-15,18,19,19,101.09,98,5,10
2015-2-16,17,23,29,0.76,83,4,8
2015-2-17,17,23,29,42.93,85,2,10
2015-2-18,15,18,21,8.89,88,3,13
2015-2-19,9,16,22,0,67,3,10
2015-2-20,9,16,22,0,76,4,3
2015-2-21,12,18,23,0,81,4,8
2015-2-22,13,20,27,0,76,2,10
2015-2-23,14,22,29,0,77,1,11
2015-2-24,18,24,31,8.89,82,2,10
2015-2-25,18,21,24,3.05,91,3,10
2015-2-26,16,18,20,4.06,92,7,14
2015-2-27,16,18,19,0.25,92,6,6
2015-2-28,16,17,18,7.11,98,7,3
2015-3-1,17,20,24,3.05,91,6,3
2015-3-2,15,21,28,0,87,2,11
2015-3-3,17,21,26,17.02,88,5,8
2015-3-4,16,22,28,0,76,1,5
2015-3-5,17,22,28,0,82,3,5
2015-3-6,18,23,29,0,86,3,10
2015-3-7,19,24,31,0,83,2,8
2015-3-8,17,23,31,0,84,2,10
2015-3-9,18,24,31,0,81,2,8
2015-3-10,16,23,29,0,82,2,8
2015-3-11,17,23,29,0,79,1,11
2015-3-12,18,24,30,0,77,2,13
2015-3-13,19,24,30,0,74,2,13
2015-3-14,16,18,19,9.91,92,7,10
2015-3-15,17,21,26,0,87,5,5
2015-3-16,18,23,29,0,79,2,14
2015-3-17,18,24,31,0,81,3,10
2015-3-18,18,23,29,0,77,2,10
2015-3-19,16,23,31,0,76,2,10
2015-3-20,19,26,32,0,75,1,11
2015-3-21,12,16,20,2.03,62,4,18
2015-3-22,11,16,21,0,76,4,5
2015-3-23,11,17,23,0,73,5,10
2015-3-24,14,14,16,19.05,90,7,11
2015-3-25,12,13,14,3.05,96,7,6
2015-3-26,13,16,17,0,87,5,5
2015-3-27,9,16,23,0,77,3,8
2015-3-28,8,17,26,0,74,2,10
2015-3-29,8,18,27,0,77,1,3
2015-3-30,11,18,26,16,79,4,6
2015-3-31,12,19,26,3.05,80,3,5
2015-4-1,12,21,29,0,70,1,14
2015-4-2,12,21,31,0,72,1,11
2015-4-3,16,24,32,0,70,2,11
2015-4-4,17,21,25,4.06,82,3,5
2015-4-5,13,20,26,0,78,3,8
2015-4-6,10,17,24,0,79,3,8
2015-4-7,12,18,24,0,76,2,11
2015-4-8,10,19,28,0,75,2,10
2015-4-9,15,22,28,0,73,3,8
2015-4-10,17,23,31,6.1,78,1,8
2015-4-11,16,23,31,4.06,78,2,10
2015-4-12,17,24,30,0,77,3,10
2015-4-13,17,24,31,0,74,2,13
2015-4-14,16,20,25,6.1,88,2,10
2015-4-15,15,19,23,4.06,87,3,6
2015-4-16,16,22,29,3.05,78,3,11
2015-4-17,9,15,21,0,64,4,21
2015-4-18,7,18,29,0,56,,14
2015-4-19,14,21,27,0,67,4,18
2015-4-20,10,17,23,0,52,3,10
2015-4-21,8,14,21,0.76,65,3,8
2015-4-22,10,18,25,0,63,3,10
2015-4-23,9,18,26,0,65,1,14
2015-4-24,13,21,28,0,62,2,11
2015-4-25,11,20,29,0,58,,13
2015-4-26,14,21,28,0,58,2,14
2015-4-27,13,20,28,0,73,3,5
2015-4-28,13,20,27,0,71,5,8
2015-4-29,18,21,23,2.03,88,5,8
2015-4-30,16,19,22,0,94,7,3
2015-5-1,16,21,26,0,87,5,8
2015-5-2,10,15,18,0,65,4,19
2015-5-3,5,12,19,0,49,2,6
2015-5-4,2,12,23,0,56,,8
2015-5-5,4,13,23,0,64,3,10
2015-5-6,7,12,18,0,62,6,10
2015-5-7,3,9,15,0,87,4,6
2015-5-8,6,14,22,0,77,6,16
2015-5-9,10,17,23,0,70,3,10
2015-5-10,8,14,22,0,78,4,6
2015-5-11,6,13,22,0,79,2,11
2015-5-12,8,14,19,0,83,3,16
2015-5-13,9,16,22,0,81,5,8
2015-5-14,9,17,23,0,75,4,14
2015-5-15,14,19,25,0,73,5,10
2015-5-16,11,18,25,0,88,3,11
2015-5-17,11,19,27,0,81,2,14
2015-5-18,15,20,24,0.25,92,4,6
2015-5-19,13,20,28,0,85,2,10
2015-5-20,13,20,27,0,73,1,16
2015-5-21,16,21,27,0,67,5,19
2015-5-22,16,22,28,0,78,3,6
2015-5-23,14,16,17,0,81,5,10
2015-5-24,12,13,15,3.05,59,6,10
2015-5-25,11,11,12,0.51,88,7,3
2015-5-26,10,12,14,5.08,97,7,3
2015-5-27,10,12,13,0.76,99,7,3
2015-5-28,7,14,21,0,74,3,11
2015-5-29,9,14,19,0,81,5,13
2015-5-30,7,14,22,0,76,2,5
2015-5-31,4,13,22,0,77,1,8
2015-6-1,4,13,23,0,73,2,10
2015-6-2,3,14,24,0,76,,6
2015-6-3,4,14,24,0,67,,10
2015-6-4,5,14,24,0,74,,11
2015-6-5,8,19,31,0,71,6,6
2015-6-6,10,19,28,0,68,6,11
2015-6-7,11,16,20,0,61,6,11
2015-6-8,6,13,22,0,66,2,5
2015-6-9,6,14,22,0,74,4,5
2015-6-10,11,12,14,0,61,6,11
2015-6-11,4,11,18,0,63,4,6
2015-6-12,3,11,19,0,51,1,13
2015-6-13,5,13,21,0,54,6,11
2015-6-14,1,10,18,0,62,,6
2015-6-15,-2,10,22,0,46,,10
2015-6-16,1,12,24,0,48,,14
2015-6-17,1,9,17,0,50,,10
2015-6-18,0,6,11,0,52,,8
2015-6-19,-3,7,16,0,48,,18
2015-6-20,2,10,18,0,47,,16
2015-6-21,0,9,18,0,63,2,10
2015-6-22,3,9,15,0,58,8,10
2015-6-23,-4,4,12,0,59,5,6
2015-6-24,-2,6,13,0,58,6,10
2015-6-25,8,14,20,0,81,6,18
2015-6-26,13,14,17,0,97,8,5
2015-6-27,14,18,22,0.76,95,7,8
2015-6-28,13,17,21,0,88,5,8
2015-6-29,10,15,20,0,84,4,5
2015-6-30,7,14,22,0,64,,10
2015-7-1,3,11,20,0,67,3,10
2015-7-2,8,15,22,6.1,79,3,8
2015-7-3,1,7,13,1.02,70,5,14
2015-7-4,-4,5,14,0,72,,13
2015-7-5,-1,8,18,0,55,,14
2015-7-6,1,9,18,0,66,,6
2015-7-7,0,9,19,0,66,,6
2015-7-8,-1,10,21,0,55,,14
2015-7-9,0,11,23,0,64,,6
2015-7-10,3,11,19,0,60,4,11
2015-7-11,5,13,22,0,59,6,11
2015-7-12,3,13,23,0,84,4,6
2015-7-13,3,6,9,0.51,91,6,10
2015-7-14,-1,7,15,0,63,2,10
2015-7-15,-3,8,18,0,43,,16
2015-7-16,1,9,16,0,52,2,11
2015-7-17,-1,11,22,0,60,,10
2015-7-18,-1,9,20,0,64,,10
2015-7-19,1,8,15,0,61,5,10
2015-7-20,1,8,15,0,52,3,13
2015-7-21,-1,9,19,0,58,,13
2015-7-22,1,10,19,0,56,7,11
2015-7-23,2,10,18,0,62,8,6
2015-7-24,-2,10,21,0,60,,10
2015-7-25,3,12,21,0,50,,21
2015-7-26,6,15,24,0,53,,19
2015-7-27,4,18,31,0,58,,14
2015-7-28,8,17,25,0,71,,6
2015-7-29,11,16,20,0,74,6,10
2015-7-30,11,17,23,0,83,5,5
2015-7-31,6,13,21,0,66,5,10
2015-8-1,1,12,22,0,62,,13
2015-8-2,4,14,25,0,67,,10
2015-8-3,6,12,18,0,78,5,6
2015-8-4,6,12,19,0,65,5,3
2015-8-5,9,14,20,0,80,5,8
2015-8-6,11,18,24,0,84,4,8
2015-8-7,10,16,21,0,68,5,19
2015-8-8,9,13,18,1.02,76,5,10
2015-8-9,9,11,12,4.06,95,6,6
2015-8-10,8,12,16,0,82,5,5
2015-8-11,9,12,14,9.91,91,4,5
2015-8-12,9,11,13,3.05,89,6,11
2015-8-13,6,9,13,0,79,6,16
2015-8-14,1,8,15,0,80,3,6
2015-8-15,-2,8,19,0,78,1,8
2015-8-16,3,10,17,0,80,4,5
2015-8-17,0,10,20,0,68,3,5
2015-8-18,7,16,24,0,49,,13
2015-8-19,3,11,20,0,63,5,10
2015-8-20,4,11,18,0,79,3,6
2015-8-21,8,17,26,0,69,2,19
2015-8-22,7,13,20,0,51,1,19
2015-8-23,5,12,18,0,45,6,10
2015-8-24,2,11,21,0,59,3,14
2015-8-25,9,18,26,0,46,,24
2015-8-26,8,16,24,0,51,1,13
2015-8-27,4,14,24,0,48,,14
2015-8-28,11,22,33,0,40,6,19
2015-8-29,14,23,33,0,34,5,14
2015-8-30,11,21,31,0,62,,8
2015-8-31,13,19,25,0,66,5,14
2015-9-1,5,9,14,0,78,6,11
2015-9-2,4,11,18,0,63,5,3
2015-9-3,5,13,18,0,63,4,10
2015-9-4,2,12,22,0,58,1,11
2015-9-5,4,14,24,0,48,2,13
2015-9-6,9,17,24,0,45,1,26
2015-9-7,12,19,27,0,47,3,23
2015-9-8,10,17,24,5.08,59,1,13
2015-9-9,5,14,22,0,70,4,18
2015-9-10,4,11,17,0,52,6,14
2015-9-11,1,10,19,0,45,,11
2015-9-12,3,13,23,0,33,,11
2015-9-13,2,14,27,0,42,,10
2015-9-14,7,18,28,0,33,,16
2015-9-15,8,18,27,0,34,,10
2015-9-16,9,14,19,0,38,2,13
2015-9-17,3,12,22,0,50,1,10
2015-9-18,3,12,22,0,54,,8
2015-9-19,6,16,25,0,47,,8
2015-9-20,12,18,25,0,67,5,8
2015-9-21,13,19,25,2.03,78,4,6
2015-9-22,11,13,14,1.02,91,7,14
2015-9-23,10,13,16,0,82,7,14
2015-9-24,8,14,20,0,73,6,14
2015-9-25,11,13,16,1.02,85,6,8
2015-9-26,11,16,21,6.1,72,5,6
2015-9-27,9,17,25,3.05,70,2,11
2015-9-28,8,19,29,0,60,2,11
2015-9-29,11,14,17,0,80,6,6
2015-9-30,8,14,21,0,67,4,14
2015-10-1,9,19,29,8.89,54,3,19
2015-10-2,9,13,16,8.89,73,5,27
2015-10-3,7,11,14,0,68,5,10
2015-10-4,3,12,21,0,61,4,16
2015-10-5,4,16,28,0,68,3,11
2015-10-6,11,16,21,0,80,4,11
2015-10-7,11,16,21,0,57,4,16
2015-10-8,12,14,17,0,65,5,14
2015-10-9,11,13,16,0,58,5,18
2015-10-10,7,12,16,0,59,6,11
2015-10-11,8,11,14,0,64,7,8
2015-10-12,1,11,22,0,65,3,11
2015-10-13,6,16,26,0,58,1,18
2015-10-14,12,21,30,0,57,3,19
2015-10-15,6,14,23,0,46,3,21
2015-10-16,4,13,22,0,47,3,10
2015-10-17,9,15,21,0,56,5,11
2015-10-18,8,16,24,0,48,8,19
2015-10-19,13,21,29,0,47,4,19
2015-10-20,11,18,25,0,46,5,14
2015-10-21,8,18,27,0,45,2,11
2015-10-22,12,19,27,0,48,3,18
2015-10-23,12,14,17,0,61,5,16
2015-10-24,9,15,21,0,58,5,6
2015-10-25,11,18,25,0,59,4,11
2015-10-26,14,18,21,0,72,6,13
2015-10-27,13,16,19,0,88,5,5
2015-10-28,16,23,31,0,73,6,13
2015-10-29,14,18,21,2.03,78,5,14
2015-10-30,13,18,23,0.25,71,6,3
2015-10-31,12,13,14,5.08,93,7,10
2015-11-1,9,11,13,7.87,93,6,6
2015-11-2,11,17,23,0.51,73,5,3
2015-11-3,13,17,21,6.1,79,6,10
2015-11-4,12,12,13,9.91,94,7,10
2015-11-5,8,14,22,0,69,3,6
2015-11-6,9,18,26,0,61,3,8
2015-11-7,11,19,27,0,67,2,14
2015-11-8,13,22,32,0,56,1,13
2015-11-9,16,24,32,17.02,60,3,21
2015-11-10,14,18,22,10.92,87,4,18
2015-11-11,15,22,28,0,71,4,11
2015-11-12,18,24,30,3.05,64,4,14
2015-11-13,9,19,29,0,51,,11
2015-11-14,12,21,30,0,56,1,16
2015-11-15,13,22,31,0,54,,16
2015-11-16,14,23,32,0,54,2,10
2015-11-17,17,22,28,3.05,65,4,19
2015-11-18,16,23,31,10.92,64,3,13
2015-11-19,10,15,19,0,66,3,18
2015-11-20,5,14,24,0,47,,11
2015-11-21,8,18,28,0,43,1,24
2015-11-22,9,19,28,0,64,3,10
2015-11-23,12,17,20,0,76,4,11
2015-11-24,11,18,26,0,67,3,11
2015-11-25,13,20,27,0,66,3,8
2015-11-26,19,21,24,0,75,4,6
2015-11-27,13,21,26,0,55,3,21
2015-11-28,11,19,27,0,49,3,8
2015-11-29,10,17,24,0,68,4,6
2015-11-30,14,21,28,0,51,3,14
2015-12-1,14,22,30,0,40,,16
2015-12-2,12,19,26,0,71,4,8
2015-12-3,15,22,28,0,71,4,6
2015-12-4,16,22,29,4.06,71,2,6
2015-12-5,16,20,24,14.99,83,6,16
2015-12-6,12,20,28,0,70,3,10
2015-12-7,15,22,30,0,53,3,16
2015-12-8,15,23,31,23.88,56,3,19
2015-12-9,15,21,27,5.08,70,2,10
2015-12-10,15,23,32,0,54,2,11
2015-12-11,14,24,34,0,47,1,13
2015-12-12,16,24,31,3.05,65,2,19
2015-12-13,13,22,31,23.11,72,2,10
2015-12-14,15,22,28,1.02,75,2,10
2015-12-15,16,22,27,6.1,72,4,10
2015-12-16,16,23,31,0,68,3,16
2015-12-17,17,22,27,5.08,77,5,13
2015-12-18,12,17,22,7.87,57,5,13
2015-12-19,12,18,24,0,54,3,8
2015-12-20,11,19,26,0,56,3,14
2015-12-21,19,26,32,0,75,4,11
2015-12-22,17,24,31,0,72,2,11
2015-12-23,18,21,25,5.08,93,4,11
2015-12-24,16,23,29,0,71,5,8
2015-12-25,14,23,32,0,63,2,14
2015-12-26,18,26,33,0,65,2,14
2015-12-27,21,29,36,0,65,2,16
2015-12-28,22,27,32,0,67,3,11
2015-12-29,18,27,35,0,60,1,6
2015-12-30,20,26,32,5.08,67,4,8
2015-12-31,19,24,31,0.25,65,4,14
2016-1-1,17,28,38,0,65,3,11
2016-1-2,19,26,33,41.91,67,2,11
2016-1-3,18,21,25,17.02,91,4,19
2016-1-4,19,24,30,2.03,84,5,6
2016-1-5,19,22,25,10.92,89,5,8
2016-1-6,18,23,27,0,77,5,8
2016-1-7,17,21,26,7.11,70,3,6
2016-1-8,16,22,28,0,73,5,6
2016-1-9,19,24,29,0,73,3,6
2016-1-10,18,24,30,5.08,77,4,10
2016-1-11,21,26,32,0,74,3,6
2016-1-12,17,21,24,0,80,5,13
2016-1-13,16,22,27,0,73,3,6
2016-1-14,17,24,32,0,70,1,11
2016-1-15,18,26,33,0,67,2,10
2016-1-16,19,26,33,0,64,1,11
2016-1-17,18,24,30,7.11,70,4,11
2016-1-18,18,24,31,0,77,2,6
2016-1-19,17,26,35,0,67,1,11
2016-1-20,16,26,36,0,56,,11
2016-1-21,19,27,36,0,50,2,16
2016-1-22,19,28,37,0,51,1,18
2016-1-23,22,28,35,0,57,2,11
2016-1-24,17,27,37,2.03,58,2,19
2016-1-25,15,22,29,0.25,56,4,11
2016-1-26,13,20,28,0,66,2,6
2016-1-27,14,22,30,0,66,2,14
2016-1-28,17,23,29,0,63,4,11
2016-1-29,18,20,22,8.89,87,5,10
2016-1-30,17,22,28,7.11,81,4,11
2016-1-31,17,23,29,0,65,2,8
2016-2-1,14,21,27,0,71,4,6
2016-2-2,12,20,28,0,69,2,10
2016-2-3,16,22,29,0,74,3,11
2016-2-4,18,24,31,0,71,2,13
2016-2-5,17,20,23,30.99,92,2,11
2016-2-6,16,23,30,0,84,4,8
2016-2-7,21,26,32,27.94,88,3,11
2016-2-8,19,23,27,0,89,2,10
2016-2-9,17,24,31,0,80,2,8
2016-2-10,19,24,31,0,79,3,10
2016-2-11,22,27,32,0,80,4,10
2016-2-12,21,27,33,0.25,79,2,11
2016-2-13,19,22,26,5.08,88,4,8
2016-2-14,18,24,30,0,82,4,8
2016-2-15,19,24,30,11.94,83,2,6
2016-2-16,19,25,31,0,87,3,11
2016-2-17,18,22,27,5.08,87,4,10
2016-2-18,20,24,28,0.25,88,6,11
2016-2-19,18,22,26,35.05,86,4,10
2016-2-20,18,22,26,0,84,5,8
2016-2-21,17,23,29,0,83,4,11
2016-2-22,20,26,31,0,83,3,10
2016-2-23,19,26,32,17.02,87,3,8
2016-2-24,18,26,33,25.91,83,1,10
2016-2-25,19,23,27,0,80,3,10
2016-2-26,16,20,24,14.99,83,2,10
2016-2-27,11,19,27,0,68,,13
2016-2-28,13,20,28,0,70,1,13
2016-2-29,15,22,29,4.06,82,4,8
2016-3-1,17,22,26,0,78,4,11
2016-3-2,17,21,24,0,85,6,8
2016-3-3,13,20,27,0,85,3,10
2016-3-4,17,23,29,0,72,2,11
2016-3-5,14,19,24,0,77,5,10
2016-3-6,11,19,28,0,69,3,13
2016-3-7,14,18,23,26.92,82,3,11
2016-3-8,14,19,24,13.97,89,4,11
2016-3-9,14,20,26,0,85,4,6
2016-3-10,14,17,20,2.03,87,6,8
2016-3-11,13,19,25,0,81,3,6
2016-3-12,14,19,25,0,81,5,10
2016-3-13,11,18,26,0,76,1,11
2016-3-14,12,20,28,0,72,1,14
2016-3-15,14,22,30,0,71,1,16
2016-3-16,17,24,31,0,74,2,14
2016-3-17,21,27,33,0,75,4,16
2016-3-18,12,13,16,8.89,81,5,14
2016-3-19,11,13,16,0.25,78,5,6
2016-3-20,11,13,15,0.76,94,6,5
2016-3-21,13,18,23,0,81,5,3
2016-3-22,7,17,27,0,77,3,5
2016-3-23,6,17,27,0,71,,13
2016-3-24,11,18,26,0,77,5,10
2016-3-25,13,18,22,0,86,4,6
2016-3-26,13,19,24,0,77,5,8
2016-3-27,9,17,26,0,75,2,10
2016-3-28,9,19,29,0,73,2,10
2016-3-29,14,22,29,0,67,2,16
2016-3-30,14,21,29,0,72,2,13
2016-3-31,16,23,31,7.11,76,3,13
2016-4-1,20,27,34,22.1,80,2,13
2016-4-2,16,21,24,17.02,88,5,16
2016-4-3,15,18,20,4.06,97,6,6
2016-4-4,16,20,22,6.1,97,6,8
2016-4-5,12,13,16,13.97,96,6,11
2016-4-6,12,15,18,0,95,6,5
2016-4-7,15,18,20,0.25,94,6,5
2016-4-8,16,19,21,0.51,92,5,8
2016-4-9,11,14,17,3.05,90,6,16
2016-4-10,13,14,15,3.05,97,8,13
2016-4-11,11,13,15,2.03,91,5,13
2016-4-12,12,14,16,10.92,98,5,8
2016-4-13,10,15,20,0.51,94,6,5
2016-4-14,17,21,26,0,85,6,8
2016-4-15,16,24,33,0,73,1,13
2016-4-16,16,20,23,0,84,6,11
2016-4-17,13,17,20,3.05,81,5,8
2016-4-18,11,12,13,2.03,80,5,11
2016-4-19,10,17,22,0,79,5,11
2016-4-20,5,13,22,0,72,4,11
2016-4-21,8,16,23,0,69,1,10
2016-4-22,7,16,24,0,68,1,16
2016-4-23,7,19,30,0,76,,8
2016-4-24,9,12,14,4.06,67,6,16
2016-4-25,6,8,9,5.08,90,7,16
2016-4-26,2,9,16,0,63,3,13
2016-4-27,-1,7,15,0,69,1,10
2016-4-28,1,10,19,0,68,,10
2016-4-29,5,10,16,0,77,5,6
2016-4-30,6,12,18,0,72,4,10
2016-5-1,2,12,22,0,66,3,14
2016-5-2,8,13,19,0,73,4,8
2016-5-3,6,13,20,0,78,2,8
2016-5-4,7,14,21,0,78,8,13
2016-5-5,9,16,22,0,77,4,10
2016-5-6,6,12,18,0,85,5,6
2016-5-7,10,14,18,0,86,6,3
2016-5-8,11,16,19,0,83,6,3
2016-5-9,9,14,21,0,82,5,3
2016-5-10,13,15,17,0,91,5,3
2016-5-11,13,13,14,5.08,99,8,6
2016-5-12,9,12,15,2.03,96,7,6
2016-5-13,8,13,18,0,85,5,5
2016-5-14,8,13,18,0,80,4,11
2016-5-15,7,13,19,0,78,3,11
2016-5-16,8,11,14,0,83,5,6
2016-5-17,7,8,10,0,90,6,6
2016-5-18,7,9,12,0,84,7,10
2016-5-19,7,11,15,0,80,5,10
2016-5-20,5,11,17,0,77,4,5
2016-5-21,7,10,13,0,86,7,5
2016-5-22,2,9,16,0,81,4,6
2016-5-23,-1,9,18,0,78,,10
2016-5-24,6,11,16,0,75,6,18
2016-5-25,2,15,28,0,76,4,8
2016-5-26,11,12,13,0,78,6,8
2016-5-27,9,10,11,0,86,7,6
2016-5-28,3,9,15,0,81,5,3
2016-5-29,6,11,16,0,82,5,3
2016-5-30,6,12,18,0,75,3,6
2016-5-31,1,9,18,0,77,3,10
2016-6-1,8,9,9,7.87,93,7,3
2016-6-2,4,9,14,0,82,5,5
2016-6-3,6,8,10,0.51,91,6,5
2016-6-4,8,9,10,0,96,6,8
2016-6-5,5,7,9,0,90,5,3
2016-6-6,-1,8,16,0,81,2,6
2016-6-7,2,10,19,0,56,,10
2016-6-8,-1,9,19,0,68,,10
2016-6-9,1,11,21,0,59,2,11
2016-6-10,2,6,9,0,69,6,18
2016-6-11,-3,6,15,0,78,2,8
2016-6-12,-2,7,17,0,70,1,13
2016-6-13,5,12,19,0,48,3,21
2016-6-14,-1,9,19,0,67,,6
2016-6-15,2,9,17,0,72,,6
2016-6-16,0,9,18,0,76,1,8
2016-6-17,1,11,20,0,69,2,10
2016-6-18,1,10,20,0,63,,10
2016-6-19,-1,8,17,0,73,,8
2016-6-20,1,8,16,0,74,2,11
2016-6-21,-3,7,16,0,76,,11
2016-6-22,-4,7,18,0,69,,10
2016-6-23,-3,9,21,0,65,,8
2016-6-24,4,8,11,0,77,5,11
2016-6-25,6,8,10,23.11,82,7,14
2016-6-26,3,4,5,9.91,94,7,23
2016-6-27,2,7,11,0.25,85,4,6
2016-6-28,-2,7,15,0,79,,8
2016-6-29,-1,9,19,0,79,0,11
2016-6-30,0,7,14,0,90,5,8
2016-7-1,6,10,15,0.25,87,6,3
2016-7-2,9,10,11,0.51,97,7,5
2016-7-3,8,9,11,1.02,93,6,8
2016-7-4,3,8,13,0,81,5,8
2016-7-5,3,9,14,0,80,5,3
2016-7-6,1,11,21,0,59,,10
2016-7-7,-1,11,23,0,54,,11
2016-7-8,5,13,21,0,59,6,18
2016-7-9,-1,9,19,0,81,4,6
2016-7-10,3,8,13,0,91,6,6
2016-7-11,7,11,14,0,92,6,8
2016-7-12,2,9,17,0,62,,10
2016-7-13,3,9,16,0,77,5,14
2016-7-14,6,12,19,0,78,4,8
2016-7-15,1,8,15,0,58,3,8
2016-7-16,-1,6,13,0,71,,8
2016-7-17,-2,3,9,0,83,5,11
2016-7-18,1,6,10,0,85,4,6
2016-7-19,-3,6,15,0,79,5,8
2016-7-20,2,9,15,0,71,,18
2016-7-21,-1,9,18,0,75,,8
2016-7-22,-2,8,19,0,73,1,8
2016-7-23,-1,11,22,0,65,,11
2016-7-24,1,8,16,0,80,1,8
2016-7-25,6,11,15,0,89,6,6
2016-7-26,-1,8,16,0,61,5,14
2016-7-27,-3,4,11,0,79,5,8
2016-7-28,0,7,13,0,81,5,11
2016-7-29,4,11,17,0,70,3,14
2016-7-30,-1,9,20,0,72,,8
2016-7-31,3,11,19,0,73,4,8
2016-8-1,2,10,18,0,74,2,8
2016-8-2,-1,8,17,0,82,6,11
2016-8-3,1,10,19,0,79,5,14
2016-8-4,2,13,24,0,80,,10
2016-8-5,8,13,18,1.02,87,5,10
2016-8-6,9,15,21,0,79,5,6
2016-8-7,3,13,23,0,58,3,11
2016-8-8,5,14,24,0,43,5,13
2016-8-9,2,12,22,0,60,,10
2016-8-10,5,14,23,0,55,,18
2016-8-11,8,18,27,0,47,,18
2016-8-12,3,16,28,0,54,,11
2016-8-13,8,18,28,0,47,,14
2016-8-14,7,14,21,0,69,7,6
2016-8-15,6,14,22,0,60,,10
2016-8-16,8,21,33,0,43,,18
2016-8-17,4,12,19,0,47,1,11
2016-8-18,4,13,23,0,37,,14
2016-8-19,0,9,17,0,55,4,13
2016-8-20,4,11,18,0,49,4,10
2016-8-21,-3,8,19,0,59,2,11
2016-8-22,0,12,25,0,46,,8
2016-8-23,1,14,27,0,43,,13
2016-8-24,7,18,29,0,36,,16
2016-8-25,5,18,31,0,43,,14
2016-8-26,11,19,27,0,47,3,14
2016-8-27,11,13,15,0,26,6,21
2016-8-28,-1,8,18,0,46,5,13
2016-8-29,1,10,19,0,62,,10
2016-8-30,-2,11,23,0,57,,11
2016-8-31,3,11,20,0,50,,11
2016-9-1,7,8,9,0,49,6,14
2016-9-2,0,7,14,0,51,5,6
2016-9-3,-2,6,13,0,53,5,8
2016-9-4,-3,4,11,0,59,4,8
2016-9-5,-3,6,13,0,51,3,8
2016-9-6,-3,7,16,0,52,,10
2016-9-7,-4,9,23,0,48,,8
2016-9-8,0,15,30,0,37,,13
2016-9-9,4,18,32,0,29,,13
2016-9-10,6,19,33,0,36,,14
2016-9-11,12,23,34,0,41,,13
2016-9-12,12,20,28,0,54,1,16
2016-9-13,7,16,23,0,47,,14
2016-9-14,3,13,22,0,42,,10
2016-9-15,4,14,25,0,49,,13
2016-9-16,9,19,29,0,39,,16
2016-9-17,11,19,28,0,51,6,13
2016-9-18,12,16,19,0,61,6,19
2016-9-19,4,13,22,0,53,4,6
2016-9-20,3,14,24,0,47,,16
2016-9-21,10,19,28,0,39,,19
2016-9-22,7,19,31,0,40,4,13
2016-9-23,10,13,16,0,32,6,19
2016-9-24,6,12,18,1.02,60,5,6
2016-9-25,2,12,22,0,66,1,14
2016-9-26,7,18,28,0,47,,16
2016-9-27,13,21,30,0,41,,19
2016-9-28,12,21,31,0,50,6,11
2016-9-29,13,16,18,0,81,5,6
2016-9-30,9,17,24,0,72,5,8
2016-10-1,6,13,21,0,64,6,8
2016-10-2,13,20,27,0,63,4,5
2016-10-3,8,17,26,0,79,3,8
2016-10-4,10,17,24,10.92,80,4,18
2016-10-5,8,14,21,0,42,,18
2016-10-6,3,13,23,0,58,,11
2016-10-7,5,12,19,0,71,4,10
2016-10-8,3,13,24,0,55,1,13
2016-10-9,9,18,26,0,33,3,18
2016-10-10,11,19,27,0,42,3,14
2016-10-11,7,18,28,0,69,3,13
2016-10-12,12,20,29,0,73,2,11
2016-10-13,14,18,23,4.06,83,4,11
2016-10-14,13,19,25,0,79,5,8
2016-10-15,16,18,19,7.11,89,5,10
2016-10-16,15,19,23,0,83,5,8
2016-10-17,13,19,24,7.11,61,3,11
2016-10-18,12,14,16,21.08,90,6,10
2016-10-19,11,16,21,5.08,83,5,13
2016-10-20,7,12,16,0,70,5,16
2016-10-21,9,14,19,0,75,6,10
2016-10-22,11,16,21,0,68,6,18
2016-10-23,11,19,28,0,69,3,10
2016-10-24,14,18,23,0.25,79,4,5
2016-10-25,12,16,19,3.05,81,5,16
2016-10-26,6,13,21,0.51,77,2,10
2016-10-27,7,14,22,0,47,5,18
2016-10-28,4,14,24,0,60,,16
2016-10-29,11,19,27,0,45,,23
2016-10-30,10,20,30,0,53,1,18
2016-10-31,11,19,28,0,63,3,13
2016-11-1,12,16,19,0,52,4,16
2016-11-2,4,13,23,0,26,,13
2016-11-3,15,23,31,0,22,,14
2016-11-4,13,23,34,0,25,,14
2016-11-5,11,22,34,0,33,,18
2016-11-6,15,26,36,0,40,,19
2016-11-7,14,16,17,45.97,84,3,10
2016-11-8,12,20,27,0,74,2,8
2016-11-9,13,21,28,0,63,2,13
2016-11-10,14,23,32,0,64,3,13
2016-11-11,13,20,27,0,51,3,13
2016-11-12,11,19,28,0,59,3,18
2016-11-13,17,22,28,0,66,4,13
2016-11-14,14,19,24,0.51,75,4,11
2016-11-15,10,21,32,0,53,1,10
2016-11-16,10,13,16,3.05,69,6,19
2016-11-17,9,15,21,0,55,4,11
2016-11-18,4,14,24,0,53,,16
2016-11-19,11,18,26,0,48,8,18
2016-11-20,13,21,29,0,53,2,13
2016-11-21,10,16,21,0,57,4,14
2016-11-22,7,16,26,0,59,2,10
2016-11-23,11,19,28,0,57,2,13
2016-11-24,13,18,24,34.04,80,2,10
2016-11-25,11,20,30,0,72,1,8
2016-11-26,20,27,33,0,60,2,18
2016-11-27,15,21,28,0,57,3,11
2016-11-28,14,20,26,0,62,3,13
2016-11-29,12,20,28,0,57,1,8
2016-11-30,13,21,29,0,54,4,14
2016-12-1,13,22,32,0,54,2,18
2016-12-2,17,21,24,20.07,78,3,10
2016-12-3,14,23,31,0,61,1,10
2016-12-4,15,23,32,0,50,,19
2016-12-5,16,21,27,0,53,1,14
2016-12-6,13,20,28,0.51,51,2,11
2016-12-7,14,21,28,26.92,75,4,11
2016-12-8,14,19,24,3.05,78,4,11
2016-12-9,11,17,22,2.03,73,3,6
2016-12-10,12,21,29,0,57,1,8
2016-12-11,18,24,31,0,40,1,13
2016-12-12,17,27,36,0,44,1,13
2016-12-13,13,19,26,0.51,41,4,19
2016-12-14,8,18,28,0,51,,14
2016-12-15,14,22,30,0,35,,24
2016-12-16,18,25,32,0,37,1,23
2016-12-17,19,27,36,0,44,3,16
2016-12-18,14,20,24,0,62,4,19
2016-12-19,11,21,32,0,49,,8
2016-12-20,15,24,33,0,38,,18
2016-12-21,16,26,36,0,49,1,18
2016-12-22,17,23,29,5.08,61,4,13
2016-12-23,16,22,28,21.08,77,4,8
2016-12-24,18,20,23,1.02,93,5,8
2016-12-25,21,28,35,45.97,84,4,11
2016-12-26,16,20,25,3.05,78,4,19
2016-12-27,14,19,24,6.1,69,5,14
2016-12-28,13,21,30,0,62,1,11
2016-12-29,17,24,31,0,71,2,13
2016-12-30,18,26,33,0,71,1,11
2016-12-31,21,29,37,0,62,1,10
2017-1-1,21,23,25,0.25,79,4,11
2017-1-2,19,24,30,0,78,4,8
2017-1-3,21,30,38,4.06,72,2,10
2017-1-4,14,21,27,0,64,5,14
2017-1-5,17,22,28,0,74,5,5
2017-1-6,17,23,28,0,81,3,8
2017-1-7,19,26,32,0,73,3,13
2017-1-8,19,22,24,24.89,90,6,8
2017-1-9,18,24,31,4.06,83,3,10
2017-1-10,16,22,27,0,64,3,13
2017-1-11,13,22,31,0,66,1,11
2017-1-12,19,26,33,0,70,2,14
2017-1-13,19,24,30,0,62,2,14
2017-1-14,16,20,25,4.06,76,1,8
2017-1-15,16,21,26,3.05,80,5,13
2017-1-16,14,21,29,0,67,1,11
2017-1-17,14,23,33,0,59,1,10
2017-1-18,14,23,33,0,65,1,13
2017-1-19,18,27,34,0,60,,14
2017-1-20,21,28,35,0,57,,13
2017-1-21,16,26,34,0,61,,13
2017-1-22,20,26,31,0,73,4,10
2017-1-23,19,24,30,0,74,4,8
2017-1-24,17,24,31,0,61,4,13
2017-1-25,13,21,29,0,59,3,8
2017-1-26,14,21,27,0,53,3,11
2017-1-27,10,19,29,0,64,1,11
2017-1-28,14,24,33,0,51,,18
2017-1-29,15,24,33,0,46,,19
2017-1-30,16,25,34,0,48,,16
2017-1-31,16,25,34,23.88,66,3,13
2017-2-1,17,23,28,0,80,6,8
2017-2-2,14,21,29,0,78,2,8
2017-2-3,15,22,28,0,74,3,8
2017-2-4,16,21,26,29.97,74,6,13
2017-2-5,13,20,27,0,67,3,11
2017-2-6,9,17,24,0,77,3,6
2017-2-7,12,19,26,0,77,5,11
2017-2-8,13,21,28,0,70,3,11
2017-2-9,17,23,30,65.02,85,3,13
2017-2-10,17,21,25,0.25,83,5,13
2017-2-11,16,19,22,3.05,85,6,8
2017-2-12,12,20,28,0,71,1,10
2017-2-13,12,20,27,0,70,2,8
2017-2-14,12,20,28,0,76,1,8
2017-2-15,14,23,32,0,75,1,10
2017-2-16,17,23,29,7.87,84,3,11
2017-2-17,19,22,26,8.89,96,4,8
2017-2-18,16,22,29,4.06,90,4,13
2017-2-19,14,22,30,0,82,2,10
2017-2-20,17,23,31,0,80,4,13
2017-2-21,19,26,33,0,84,3,10
2017-2-22,19,26,33,0,81,1,8
2017-2-23,18,26,33,0,80,2,10
2017-2-24,20,26,32,0,77,1,10
2017-2-25,20,24,29,0,84,3,8
2017-2-26,19,26,31,0,80,2,8
2017-2-27,18,26,34,2.03,74,1,8
2017-2-28,18,26,33,0,75,1,8
2017-3-1,14,23,31,0,71,3,11
2017-3-2,17,26,34,8.89,73,2,13
2017-3-3,13,18,23,4.06,73,4,18
2017-3-4,11,18,24,0,74,2,8
2017-3-5,14,20,26,0,78,3,6
2017-3-6,15,22,29,0,80,3,10
2017-3-7,17,22,28,0,83,5,8
2017-3-8,19,26,31,0.76,83,4,10
2017-3-9,15,21,27,0,67,2,14
2017-3-10,11,18,24,0,64,2,10
2017-3-11,12,19,27,0,67,3,11
2017-3-12,11,18,25,0,56,5,10
2017-3-13,9,20,31,0,58,,11
2017-3-14,7,18,28,0,61,3,14
2017-3-15,15,22,29,3.05,67,4,8
2017-3-16,10,17,23,0,59,1,14
2017-3-17,6,14,23,0,73,1,10
2017-3-18,8,17,25,0,67,,13
2017-3-19,7,16,25,0,71,1,13
2017-3-20,7,15,23,0,79,3,8
2017-3-21,11,19,26,0,74,3,6
2017-3-22,11,19,28,0,77,3,8
2017-3-23,13,21,28,0,78,1,8
2017-3-24,10,20,30,0,72,1,11
2017-3-25,12,21,29,7.87,85,4,10
2017-3-26,15,22,30,0,80,3,10
2017-3-27,17,22,28,0.51,85,4,8
2017-3-28,19,24,29,0,83,2,10
2017-3-29,19,24,28,0,77,4,13
2017-3-30,18,21,23,3.05,87,4,10
2017-3-31,19,20,22,5.08,96,5,5
2017-4-1,19,22,24,6.1,94,6,5
2017-4-2,18,20,22,3.05,94,5,6
2017-4-3,12,18,23,0,87,5,6
2017-4-4,14,19,24,4.06,88,4,10
2017-4-5,13,19,25,0,73,2,8
2017-4-6,11,19,26,0,71,2,14
2017-4-7,14,22,29,0,75,4,21
2017-4-8,11,12,14,0.51,87,5,13
2017-4-9,13,17,21,0,69,5,16
2017-4-10,6,15,24,0,65,2,13
2017-4-11,8,18,27,0,52,,10
2017-4-12,9,14,20,0,86,4,6
2017-4-13,11,17,23,0,76,4,11
2017-4-14,9,17,24,0,72,3,10
2017-4-15,12,18,24,0,65,3,5
2017-4-16,12,17,22,0,69,5,8
2017-4-17,9,14,19,0,79,5,3
2017-4-18,12,14,17,6.1,88,6,3
2017-4-19,8,15,22,0,82,2,5
2017-4-20,9,17,25,0,72,1,8
2017-4-21,10,14,19,0,80,4,10
2017-4-22,8,16,24,0,69,3,11
2017-4-23,7,16,24,0,71,3,13
2017-4-24,11,17,23,0,74,3,8
2017-4-25,8,11,14,7.11,92,6,10
2017-4-26,3,11,19,0,56,,10
2017-4-27,6,16,26,0,43,,13
2017-4-28,6,17,28,0,61,,8
2017-4-29,5,17,28,0,60,,11
2017-4-30,4,16,27,0,54,,11
2017-5-1,6,16,27,0,57,,18
2017-5-2,9,18,28,0,65,3,13
2017-5-3,10,17,24,0,76,2,10
2017-5-4,8,18,27,0,77,3,11
2017-5-5,12,19,27,0,72,5,14
2017-5-6,13,19,25,0,76,4,11
2017-5-7,14,23,31,23.88,76,2,14
2017-5-8,10,16,21,0.51,74,2,16
2017-5-9,6,13,19,0,69,3,6
2017-5-10,9,14,18,0,75,5,5
2017-5-11,11,12,13,2.03,93,6,5
2017-5-12,11,14,18,2.03,89,6,5
2017-5-13,9,14,19,0.76,87,4,10
2017-5-14,7,13,20,0.25,91,6,8
2017-5-15,8,13,18,0,85,6,5
2017-5-16,9,14,19,0,84,5,10
2017-5-17,12,14,17,0,90,5,13
2017-5-18,7,13,21,14.99,90,3,8
2017-5-19,3,10,17,0,71,2,8
2017-5-20,2,9,16,0,66,4,8
2017-5-21,2,14,26,0,52,,13
2017-5-22,6,14,23,0,69,6,14
2017-5-23,9,16,22,0,69,5,8
2017-5-24,7,11,16,0,80,4,5
2017-5-25,6,12,18,0,81,3,6
2017-5-26,4,11,18,0,60,4,10
2017-5-27,2,8,14,0,65,2,8
2017-5-28,-1,7,15,0,76,,8
2017-5-29,-1,7,14,0,78,3,8
2017-5-30,5,8,12,2.03,88,6,3
2017-5-31,2,10,17,0,79,3,10
2017-6-1,-1,9,19,0,78,1,8
2017-6-2,0,10,20,0,74,,8
2017-6-3,2,11,20,0,72,4,10
2017-6-4,3,11,18,0,71,4,10
2017-6-5,4,7,11,0,55,5,6
2017-6-6,1,9,18,0,72,3,8
2017-6-7,1,9,17,0,81,4,8
2017-6-8,3,8,14,0,54,3,23
2017-6-9,-1,10,22,0,46,,10
2017-6-10,5,16,27,0,47,,10
2017-6-11,2,10,17,0,53,,13
2017-6-12,-2,8,18,0,60,,11
2017-6-13,-1,10,21,0,73,,8
2017-6-14,8,16,23,0,69,4,16
2017-6-15,8,18,28,0,72,4,13
2017-6-16,12,17,22,0,84,6,8
2017-6-17,9,17,23,0,66,4,13
2017-6-18,-3,6,13,0,37,5,14
2017-6-19,-7,3,13,0,57,8,11
2017-6-20,-7,3,13,0,54,,13
2017-6-21,-3,9,21,0,59,,13
2017-6-22,3,14,26,0,64,6,13
2017-6-23,5,13,22,0,80,7,5
2017-6-24,8,16,23,0,82,5,5
2017-6-25,12,20,28,0,70,3,13
2017-6-26,14,19,25,10.92,75,4,13
2017-6-27,10,12,14,0.25,87,5,11
2017-6-28,6,9,13,0,87,6,6
2017-6-29,1,9,17,0,89,5,3
2017-6-30,1,11,21,0,71,,8
2017-7-1,1,11,21,0,73,,11
2017-7-2,6,14,22,0,76,,14
2017-7-3,7,16,23,0,76,,18
2017-7-4,12,17,21,0,82,,16
2017-7-5,10,14,18,0,62,,14
2017-7-6,10,12,14,0,77,,3
2017-7-7,8,9,11,0,89,,5
2017-7-8,6,10,14,0,88,,6
2017-7-9,1,7,12,0,93,,5
2017-7-10,8,9,11,0,90,,10
2017-7-11,6,8,11,0,84,,5
2017-7-12,8,16,23,0,81,,14
2017-7-13,9,14,20,0,85,,10
2017-7-14,8,13,19,0,68,,14
2017-7-15,4,9,14,0,62,,16
2017-7-16,0,4,8,0,36,,19
2017-7-17,-8,2,13,0,35,,11
2017-7-18,-7,7,20,0,39,,10
2017-7-19,-4,11,26,0,27,,11
2017-7-20,-3,10,23,0,35,,10
2017-7-21,2,12,21,0,36,,13
2017-7-22,2,13,25,0,35,,19
2017-7-23,4,14,25,0,50,,14
2017-7-24,9,14,19,0,34,,18
2017-7-25,8,13,18,0,69,,11
2017-7-26,5,12,18,0,88,,5
2017-7-27,8,17,26,0,76,,11
2017-7-28,12,21,31,0,39,,21
2017-7-29,10,14,18,0,76,,13
2017-7-30,7,8,10,0,57,,24
2017-7-31,6,8,10,0,73,,11
2017-08-01,7,8,9,4.06,96,,10
2017-8-2,5,11,17,0,82,,11
2017-8-3,0,11,22,0,71,,13
2017-8-4,-1,10,21,0,66,,16
2017-8-5,7,16,24,0,54,,26
2017-8-6,6,16,26,0,56,,11
2017-8-7,12,19,27,0,63,,14
2017-8-8,7,13,19,0,71,,13
2017-8-9,3,11,18,0,72,,13
2017-8-10,7,13,19,0,80,,13
2017-8-11,9,14,19,0,79,,8
2017-8-12,5,11,18,0,47,,23
2017-8-13,1,11,22,0,43,,14
2017-8-14,0,12,24,0,34,,10
2017-8-15,3,14,27,0,48,,14
2017-8-16,4,13,22,0,47,,14
2017-8-17,6,17,27,0,45,,11
2017-8-18,9,20,31,0,41,,14
2017-8-19,5,12,18,0,46,,19
2017-8-20,-1,10,20,0,52,,13
2017-8-21,5,14,23,0,33,,21
2017-8-22,8,17,26,0,27,,27
2017-8-23,6,12,19,0,38,,18
2017-8-24,3,16,27,0,56,,8
2017-8-25,7,16,24,0,77,,11
2017-8-26,9,15,21,0,66,,10
2017-8-27,5,14,23,0,82,,6
2017-8-28,16,22,29,0,76,,11
2017-8-29,4,12,14,0,54,,21
2017-8-30,-1,9,19,0,31,,10
2017-8-31,4,12,21,0,37,,16
2017-09-01,2,17,31,0,50,,14
2017-9-2,12,18,23,0,45,,16
2017-9-3,8,13,19,0,55,,13
2017-9-4,6,12,18,0,35,,29
2017-9-5,-2,9,19,0,39,,13
2017-9-6,4,12,19,0,68,,16
2017-9-7,4,13,22,0,67,,8
2017-9-8,4,13,23,0,63,,8
2017-9-9,13,17,20,0,88,,10
2017-9-10,6,10,13,9.91,81,,18
2017-9-11,3,11,20,0,47,,14
2017-9-12,3,11,19,0,56,,10
2017-9-13,2,12,22,0,55,,10
2017-9-14,6,15,24,0,41,,16
2017-9-15,2,8,14,0,44,,16
2017-9-16,-1,9,20,0,56,,11
2017-9-17,6,16,24,0,52,,23
2017-9-18,10,19,27,0,47,,26
2017-9-19,12,21,31,0,52,,26
2017-9-20,10,16,22,19.05,57,,19
2017-9-21,5,12,18,13.97,75,,18
2017-9-22,1,12,23,0,64,,10
2017-9-23,3,13,24,0,50,,11
2017-9-24,7,17,26,0,68,,19
2017-9-25,9,19,29,0,76,,11
2017-9-26,8,18,28,9.91,82,,16
2017-9-27,6,8,9,5.08,93,,21
2017-9-28,8,10,11,2.03,99,,6
2017-9-29,8,16,23,0,89,,8
2017-9-30,7,20,33,4.06,77,,11
2017-10-1,8,14,20,0,50,,26
2017-10-2,4,13,22,0,35,,10
2017-10-3,6,19,31,0,29,,13
2017-10-4,17,27,36,0,16,,27
2017-10-5,12,18,23,0,28,,18
2017-10-6,7,16,26,0,44,,10
2017-10-7,8,17,26,0,46,,16
2017-10-8,9,18,27,0,61,,14
2017-10-9,7,16,25,0,47,,11
2017-10-10,8,14,21,0,61,,8
2017-10-11,7,11,15,4.06,72,,14
2017-10-12,8,9,11,6.1,93,,16
2017-10-13,7,12,16,0,79,,13
2017-10-14,2,13,25,0,58,,11
2017-10-15,3,14,26,0,55,,19
2017-10-16,10,21,32,0,42,,23
2017-10-17,17,27,36,0,53,,16
2017-10-18,14,23,33,0,70,,13
2017-10-19,7,17,26,0,41,,14
2017-10-20,11,21,30,0,52,,21
2017-10-21,10,17,22,0,35,,26
2017-10-22,4,13,22,0,48,,16
2017-10-23,8,17,26,0,49,,21
2017-10-24,8,19,30,0,48,,19
2017-10-25,11,20,29,11.94,75,,13
2017-10-26,15,21,28,10.92,74,,13
2017-10-27,13,20,27,0.51,65,,16
2017-10-28,10,19,28,0,56,,21
2017-10-29,10,17,24,0,67,,16
2017-10-30,9,14,20,0,62,,11
2017-10-31,7,18,28,0,59,,16
